reading_id,vehicle_id,engine_temp_c,rpm,battery_voltage,oil_pressure_psi,brake_fluid_level_percent,speed_kmh,driving_pattern,mileage_km
1,1,78.21,1936,12.7,41.9,79.28,56,mixed,143463
2,2,98.83,2181,12.18,30.1,69.46,75,highway,178858
3,3,98.3,1411,12.64,36.6,80.49,36,traffic,155295
4,4,88.93,2087,12.55,20.1,64.14,92,highway,34106
5,5,86.94,2788,12.46,25.5,82.28,53,traffic,121040
6,6,98.16,1715,12.69,11.7,57.05,80,mixed,257841
7,7,89.21,1922,10.34,31.8,81.09,39,mixed,190280
8,8,90.32,2137,12.32,44.1,85.15,64,highway,148145
9,9,97.47,4288,12.81,38.8,74.57,24,mixed,93891
10,10,86.36,3953,13.08,34.5,53.14,30,traffic,67647
11,11,76.24,1923,11.73,34.4,43.84,45,traffic,257261
12,12,107.03,2888,12.67,26.3,80.69,52,traffic,206114
13,13,81.36,2167,13.01,47.3,71.8,48,highway,229996
14,14,90.46,1844,12.42,29.2,47.45,10,traffic,112984
15,15,88.31,1178,12.73,41.0,70.21,65,traffic,265826
16,16,107.87,2818,12.9,40.9,76.37,62,mixed,150681
17,17,101.8,2147,12.44,33.6,82.6,58,highway,102821
18,18,76.32,1454,11.13,30.7,66.84,76,traffic,151627
19,19,91.1,1738,12.78,40.3,27.57,65,traffic,160946
20,20,75.75,1822,12.35,37.1,77.46,21,highway,34015
21,21,83.01,2024,12.68,35.0,74.67,59,highway,213430
22,22,90.01,1733,11.73,47.7,82.09,62,mixed,60572
23,23,90.45,1601,12.23,21.4,62.45,101,highway,142218
24,24,104.27,2479,12.48,14.8,86.49,66,traffic,261486
25,25,93.29,2387,12.18,37.2,33.87,56,traffic,73011
26,26,84.08,1658,12.89,21.0,89.2,55,mixed,227213
27,27,94.65,2650,12.45,19.3,60.97,63,traffic,114892
28,28,104.82,990,12.31,41.4,42.95,69,highway,277991
29,29,92.8,1470,9.81,42.9,51.09,20,traffic,166766
30,30,94.16,2352,12.01,41.3,71.74,38,traffic,270085
31,31,87.89,2096,12.31,44.1,86.77,20,highway,202998
32,32,93.5,3894,12.18,41.0,78.27,58,traffic,168448
33,33,97.47,1944,13.27,14.2,76.59,37,highway,114767
34,34,103.72,2763,12.88,30.0,52.82,58,traffic,203466
35,35,82.74,3309,12.54,46.7,59.96,24,mixed,182107
36,36,99.03,1979,11.94,20.9,85.19,44,highway,207814
37,37,104.58,2559,12.16,53.6,84.95,41,mixed,56881
38,38,100.22,4052,12.39,31.5,62.58,33,mixed,240539
39,39,96.05,4028,12.98,32.0,72.48,86,mixed,157142
40,40,97.5,3554,12.89,32.9,62.75,47,traffic,92105
41,41,93.66,3491,12.43,52.7,55.51,0,traffic,182823
42,42,93.3,1984,12.57,32.7,19.27,30,traffic,92064
43,43,93.31,530,12.23,35.5,75.98,45,mixed,57049
44,44,88.79,500,11.73,28.1,46.12,39,traffic,66090
45,45,92.91,2324,12.41,53.0,73.28,18,traffic,150121
46,46,97.77,3018,11.87,32.9,66.02,32,highway,193001
47,47,88.42,3010,12.25,29.9,74.94,12,traffic,33563
48,48,75.5,1895,12.64,45.3,43.29,55,traffic,276332
49,49,87.13,2110,12.52,44.9,83.17,56,mixed,54767
50,50,103.98,2223,12.31,30.3,72.46,48,mixed,278165
51,51,103.23,605,12.58,26.6,84.58,85,traffic,24185
52,52,92.87,2201,12.7,42.0,69.7,3,traffic,242864
53,53,93.34,3821,11.87,40.7,51.88,21,mixed,276537
54,54,88.01,1150,12.77,39.5,79.37,54,highway,231319
55,55,100.31,2023,12.89,28.5,76.68,55,traffic,83369
56,56,99.87,1703,12.27,44.0,72.1,54,traffic,127088
57,57,90.21,1603,12.09,37.9,39.41,32,mixed,261141
58,58,95.51,2179,12.52,18.8,69.91,44,traffic,94233
59,59,81.82,1607,12.77,31.6,38.07,50,traffic,126613
60,60,99.34,1561,12.44,43.4,71.77,39,mixed,215198
61,61,102.94,1024,10.39,44.8,73.56,50,traffic,214836
62,62,93.11,1994,12.91,25.4,17.08,49,traffic,279654
63,63,101.48,2733,12.24,33.6,45.95,49,traffic,159152
64,64,94.39,2400,11.95,35.2,44.71,72,highway,146927
65,65,93.9,2042,10.52,41.1,71.06,40,traffic,193057
66,66,88.31,2050,10.52,41.6,62.3,39,traffic,229628
67,67,98.17,1857,12.62,38.1,47.13,58,mixed,20646
68,68,104.98,3167,11.85,32.9,79.7,38,traffic,196604
69,69,82.32,1174,12.16,41.7,75.93,61,mixed,103253
70,70,88.74,2204,12.58,45.2,74.54,63,highway,54599
71,71,78.39,1658,12.98,42.7,71.65,31,mixed,33831
72,72,86.26,2064,12.18,28.1,21.38,18,traffic,272139
73,73,79.12,2404,12.54,44.1,72.83,27,traffic,160086
74,74,102.56,2185,12.23,38.6,66.17,52,highway,67697
75,75,89.24,2134,12.19,35.0,33.31,27,mixed,98206
76,76,91.28,1747,13.39,21.5,65.58,58,mixed,211361
77,77,106.13,3895,12.56,37.8,65.08,25,highway,225954
78,78,89.99,2054,12.48,29.7,84.7,65,mixed,20195
79,79,97.58,2280,12.51,36.1,73.04,61,traffic,123641
80,80,93.95,3605,12.16,25.3,51.64,56,traffic,130451
81,81,89.17,1976,12.52,28.0,13.22,45,traffic,234256
82,82,85.66,2264,12.54,45.3,81.37,54,traffic,107521
83,83,84.43,2650,12.89,41.6,76.42,31,highway,49920
84,84,96.51,2230,12.81,22.6,77.66,30,traffic,215014
85,85,86.11,2074,12.78,39.0,77.54,68,traffic,116111
86,86,95.89,4061,12.47,43.1,62.84,21,traffic,97472
87,87,94.51,3356,12.86,46.0,88.73,17,traffic,86444
88,88,95.22,2159,12.35,51.8,38.08,4,traffic,108215
89,89,91.26,1877,12.57,24.0,23.01,44,highway,250844
90,90,95.28,2666,12.33,42.5,37.38,71,mixed,82053
91,91,87.3,3551,12.59,39.1,79.95,16,traffic,134254
92,92,102.55,1835,12.04,30.9,83.75,16,traffic,214641
93,93,106.38,2632,11.45,40.2,54.81,55,traffic,176902
94,94,82.08,1458,12.32,20.7,76.0,63,highway,183869
95,95,108.52,2888,12.51,36.2,73.36,104,highway,94763
96,96,91.45,1594,12.38,17.5,65.12,0,traffic,189197
97,97,91.39,1712,12.26,40.5,74.4,54,mixed,219195
98,98,96.19,1144,12.9,30.8,60.17,54,mixed,109658
99,99,93.68,2080,12.82,9.7,59.36,33,mixed,47742
100,100,103.46,1521,13.13,23.9,89.84,40,mixed,120428
101,101,102.43,2753,13.04,30.5,39.73,33,traffic,258604
102,102,94.69,3901,11.72,42.9,53.08,39,highway,86670
103,103,104.41,2603,12.12,26.9,49.23,41,mixed,106511
104,104,78.71,3120,11.76,36.0,91.6,33,traffic,163366
105,105,82.91,1458,12.73,41.8,73.29,57,traffic,223086
106,106,96.38,1725,12.83,33.3,28.42,55,highway,271198
107,107,87.23,1729,12.4,39.5,74.58,78,mixed,32713
108,108,96.34,1327,11.45,35.0,91.8,50,highway,220141
109,109,106.83,2314,12.1,40.6,95.53,0,traffic,104423
110,110,92.85,3715,12.26,49.9,75.59,36,traffic,161787
111,111,86.93,1914,12.25,52.5,84.78,44,mixed,116832
112,112,94.89,2685,12.65,37.4,74.76,42,mixed,71606
113,113,76.4,572,12.66,34.3,28.66,61,traffic,202868
114,114,78.33,2435,12.69,52.9,37.4,74,highway,164198
115,115,87.57,1991,12.78,45.3,86.96,80,mixed,160391
116,116,77.6,2959,12.92,33.2,35.87,42,highway,19308
117,117,84.99,1946,12.6,33.7,75.25,70,mixed,166159
118,118,85.28,1258,12.33,36.7,71.08,44,traffic,200009
119,119,105.94,3412,12.36,26.2,57.52,46,highway,79607
120,120,92.88,2305,12.12,35.7,27.14,22,mixed,110323
121,121,91.46,1830,13.06,40.7,83.4,59,mixed,130241
122,122,103.71,1063,11.7,31.3,84.44,19,traffic,42440
123,123,83.22,2037,11.9,42.8,84.23,42,mixed,166619
124,124,91.8,1194,11.35,38.1,82.47,49,traffic,231898
125,125,107.09,2798,12.32,37.8,68.17,10,traffic,100335
126,126,102.32,2709,12.31,29.0,69.0,58,highway,215335
127,127,99.53,2020,11.75,29.3,79.67,33,traffic,142757
128,128,94.89,1242,13.14,33.8,75.59,79,mixed,51894
129,129,90.24,2615,12.34,31.5,63.8,60,traffic,115096
130,130,103.08,1064,11.73,38.9,34.09,30,traffic,197232
131,131,97.09,2206,12.77,12.8,58.63,46,mixed,55764
132,132,96.61,3435,12.98,38.5,70.99,32,mixed,167245
133,133,101.02,1441,13.05,38.7,31.45,77,highway,173351
134,134,98.57,2589,13.11,14.5,71.78,6,traffic,246891
135,135,97.26,1898,11.51,42.3,83.69,52,traffic,204486
136,136,97.85,2425,10.45,37.6,59.65,33,highway,67225
137,137,94.99,3209,11.61,40.5,96.34,48,mixed,278037
138,138,100.61,1988,12.61,27.4,54.79,31,traffic,68448
139,139,95.17,4485,12.38,37.1,75.73,41,highway,215257
140,140,95.8,2889,12.57,51.7,57.77,32,mixed,156421
141,141,94.78,4116,12.27,38.8,76.82,25,traffic,140910
142,142,85.75,3278,12.32,23.6,73.53,54,mixed,73181
143,143,92.66,3536,13.0,26.9,79.25,13,traffic,228218
144,144,88.59,2478,12.95,40.2,75.58,59,mixed,190345
145,145,89.11,3941,12.61,37.3,79.86,9,traffic,62457
146,146,84.77,1657,11.22,33.6,72.41,56,traffic,204142
147,147,90.3,3234,12.37,46.2,75.39,20,mixed,228249
148,148,80.0,1342,11.45,42.4,85.21,45,mixed,165392
149,149,97.19,3266,12.04,34.1,80.63,34,traffic,96804
150,150,102.37,3186,12.47,38.3,82.1,35,traffic,35453
151,151,89.23,3099,12.0,40.3,75.23,24,traffic,231565
152,152,95.36,1435,12.25,18.0,64.68,78,traffic,169661
153,153,90.2,2183,13.21,38.7,41.36,24,mixed,272285
154,154,105.73,2638,12.62,37.7,61.26,28,mixed,95346
155,155,92.24,1328,12.75,39.7,41.63,12,traffic,224113
156,156,91.6,2588,10.72,28.7,68.61,17,traffic,89756
157,157,105.4,2428,12.53,40.1,62.42,48,mixed,198811
158,158,79.37,1515,11.36,24.1,73.06,25,traffic,27967
159,159,102.68,3209,12.8,44.4,59.18,32,mixed,246084
160,160,99.05,2656,12.48,27.2,34.86,36,traffic,43389
161,161,97.77,1987,11.4,19.1,70.53,30,traffic,38944
162,162,103.21,2887,12.81,33.1,29.0,28,traffic,249218
163,163,99.34,1899,12.68,18.5,70.27,52,traffic,244298
164,164,100.78,2496,12.2,37.5,66.91,76,highway,155866
165,165,99.1,4046,12.53,33.3,69.86,29,mixed,188164
166,166,79.86,2341,12.61,46.8,91.81,22,traffic,247363
167,167,86.27,1440,12.02,39.9,76.33,55,traffic,46748
168,168,103.62,1991,12.3,22.2,51.27,49,traffic,173817
169,169,102.63,1315,12.57,32.8,62.99,37,mixed,59651
170,170,97.79,2915,12.83,19.0,62.44,14,traffic,225992
171,171,88.49,1974,11.39,29.3,70.79,66,mixed,161386
172,172,104.14,2954,12.82,25.8,38.25,36,traffic,272134
173,173,92.39,1913,12.94,22.4,67.05,71,traffic,258098
174,174,83.28,1243,12.64,46.9,80.71,25,mixed,274464
175,175,93.48,881,12.84,36.5,84.28,47,highway,128507
176,176,91.63,1279,11.49,35.3,55.45,39,highway,176297
177,177,91.18,1859,12.4,43.8,91.54,60,traffic,54787
178,178,91.09,2027,12.76,31.9,32.4,37,highway,33876
179,179,93.46,2509,12.21,40.3,53.97,38,traffic,178469
180,180,108.24,1570,12.1,37.0,60.09,74,mixed,56709
181,181,96.72,2902,12.33,42.7,89.12,21,mixed,86903
182,182,94.9,3397,11.96,41.5,34.86,45,traffic,159549
183,183,97.0,1736,12.81,41.1,97.45,40,traffic,46134
184,184,110.34,1864,12.71,32.7,76.74,36,traffic,41729
185,185,89.64,1918,12.54,38.6,87.36,92,highway,28108
186,186,96.55,1457,12.29,42.4,71.85,12,traffic,250814
187,187,100.97,4357,12.79,42.4,77.18,29,highway,44384
188,188,87.3,2550,11.81,39.0,78.85,26,mixed,21797
189,189,98.93,1485,12.55,18.2,65.62,55,highway,79976
190,190,90.11,1365,12.43,17.3,58.26,47,mixed,140907
191,191,95.68,1468,12.44,37.6,37.7,25,traffic,180593
192,192,94.93,2073,12.76,46.2,81.97,37,traffic,89555
193,193,95.06,4359,12.1,21.0,76.58,41,mixed,227704
194,194,100.52,1149,12.32,24.1,73.76,39,traffic,92804
195,195,85.8,2495,12.36,45.1,83.82,33,traffic,150667
196,196,96.92,2054,12.27,33.3,90.37,38,traffic,90848
197,197,85.76,2668,12.41,39.1,29.81,0,traffic,155033
198,198,84.34,1799,12.68,43.9,90.92,71,traffic,27986
199,199,98.16,3401,13.26,31.8,59.7,56,traffic,92282
200,200,94.34,1648,13.6,8.0,81.4,62,highway,43954
201,201,96.0,784,10.45,28.7,89.71,21,traffic,102902
202,202,90.01,2098,12.42,44.6,70.89,42,traffic,192921
203,203,96.92,2839,11.83,16.6,56.32,11,traffic,169550
204,204,100.23,1201,12.3,37.8,72.72,79,highway,141391
205,205,88.79,1908,11.53,29.3,77.99,65,traffic,96954
206,206,99.4,3006,12.69,37.5,35.09,46,traffic,102949
207,207,85.91,1634,11.27,53.7,69.21,46,traffic,230733
208,208,101.8,1967,12.08,26.0,56.47,25,mixed,133540
209,209,93.29,1010,11.84,35.2,65.71,28,traffic,53570
210,210,90.25,1758,12.9,25.6,68.05,20,traffic,61855
211,211,97.53,3371,12.6,29.0,79.24,52,mixed,70480
212,212,88.25,2085,12.24,16.7,78.62,53,highway,100454
213,213,95.65,1218,12.44,21.0,70.62,26,mixed,178197
214,214,97.63,2600,12.85,25.4,79.56,46,mixed,184289
215,215,93.46,3162,12.44,8.7,69.08,21,mixed,27666
216,216,93.13,1729,12.7,38.9,67.99,67,traffic,96839
217,217,94.95,3102,11.15,38.2,60.66,38,traffic,257683
218,218,98.96,1905,12.16,40.9,80.7,32,mixed,240018
219,219,83.11,1914,12.95,39.2,82.45,30,highway,106564
220,220,78.11,1824,12.29,37.7,93.93,7,traffic,140900
221,221,105.28,1458,11.87,23.7,75.4,44,highway,273787
222,222,87.42,535,10.55,39.9,74.04,28,mixed,151792
223,223,98.02,1247,12.79,42.8,76.92,74,traffic,271476
224,224,93.2,2963,12.5,30.3,81.65,41,traffic,125633
225,225,102.36,1189,12.72,59.9,29.14,29,mixed,24729
226,226,95.2,1848,12.16,38.4,72.71,60,mixed,102397
227,227,90.61,1905,13.09,25.0,67.79,60,mixed,22683
228,228,90.3,3219,12.31,32.4,77.11,36,traffic,242993
229,229,88.29,3356,13.06,20.2,82.57,21,traffic,124410
230,230,99.97,1822,12.53,40.2,24.34,30,mixed,152907
231,231,93.35,2025,11.55,39.3,53.92,44,traffic,151470
232,232,91.82,2710,12.13,33.9,18.04,53,mixed,93962
233,233,91.2,2629,10.97,35.3,45.54,44,mixed,44219
234,234,87.81,3553,12.2,43.9,68.65,8,traffic,92592
235,235,90.04,1598,12.79,26.1,31.21,20,traffic,73243
236,236,100.06,3784,12.35,36.0,80.33,17,traffic,187383
237,237,85.68,1717,12.45,36.7,79.66,38,traffic,213399
238,238,91.73,2567,12.51,42.2,73.93,58,traffic,118836
239,239,81.05,1122,12.65,35.5,79.63,62,mixed,260939
240,240,87.86,2205,12.54,30.5,78.09,25,traffic,201986
241,241,99.89,2667,12.29,29.0,71.55,48,traffic,142010
242,242,84.25,2206,13.15,47.4,75.25,57,mixed,184007
243,243,111.47,3631,11.98,36.0,65.16,28,mixed,213133
244,244,81.85,3089,12.82,32.1,43.86,59,traffic,257932
245,245,89.88,1213,11.87,35.0,49.13,53,traffic,206988
246,246,89.45,2133,13.15,35.5,79.95,33,traffic,113836
247,247,89.53,3096,12.9,34.0,59.17,33,highway,167685
248,248,97.23,2280,12.41,17.6,77.01,0,traffic,233288
249,249,97.54,1875,12.14,28.3,41.74,66,highway,202197
250,250,105.82,3224,12.6,36.0,82.09,36,traffic,118269
251,251,92.33,1158,11.22,29.6,85.56,36,mixed,132142
252,252,83.26,2449,11.71,36.7,70.81,86,traffic,33593
253,253,86.6,1879,11.24,23.9,58.47,35,traffic,113667
254,254,84.39,1608,11.13,43.9,75.12,49,highway,124173
255,255,115.6,3697,12.75,42.1,78.54,31,traffic,22399
256,256,87.33,1776,13.15,16.4,72.21,34,mixed,109776
257,257,94.15,2136,12.64,17.5,79.59,73,highway,100886
258,258,98.97,3176,12.62,36.0,62.27,28,mixed,279989
259,259,86.22,1421,12.76,48.6,77.75,58,traffic,177224
260,260,90.67,1928,12.39,36.2,41.13,42,mixed,130196
261,261,90.74,2642,12.57,44.0,61.16,47,mixed,263304
262,262,106.21,1968,12.58,13.0,39.2,64,traffic,102231
263,263,89.57,1955,12.72,35.2,70.77,91,highway,195904
264,264,88.02,1990,12.51,40.8,28.53,64,traffic,137305
265,265,102.8,2296,12.47,16.5,91.57,63,mixed,240510
266,266,94.42,1406,12.23,36.4,66.37,35,mixed,118091
267,267,101.08,2816,12.86,42.4,64.15,25,traffic,131305
268,268,85.35,2283,12.64,35.0,84.17,62,traffic,230019
269,269,83.71,2275,10.46,33.9,81.24,57,traffic,175877
270,270,99.26,1183,11.18,40.9,52.39,27,mixed,154328
271,271,103.91,1726,13.24,41.7,78.42,37,mixed,242502
272,272,92.64,3668,12.83,39.3,57.22,37,traffic,240765
273,273,92.3,1063,12.23,25.2,74.08,65,highway,174937
274,274,102.87,2345,12.74,40.9,59.04,6,traffic,207881
275,275,86.45,1178,10.96,37.9,65.09,38,traffic,122400
276,276,99.11,4176,12.58,26.0,95.81,17,traffic,22590
277,277,98.0,2730,12.93,17.9,66.88,50,traffic,242964
278,278,98.92,1411,12.52,38.5,53.75,90,traffic,164706
279,279,88.02,1789,10.57,18.6,68.55,64,traffic,79361
280,280,95.04,2509,12.17,40.6,51.3,12,traffic,275361
281,281,85.89,1814,12.51,36.9,43.95,35,traffic,96053
282,282,107.45,2365,12.13,41.5,63.26,95,highway,172199
283,283,93.45,1536,12.78,22.6,86.66,32,mixed,88319
284,284,99.56,2753,12.46,37.9,73.86,72,highway,54977
285,285,100.57,2746,13.16,22.1,78.03,44,traffic,31927
286,286,94.87,1955,12.77,43.4,73.44,52,traffic,46705
287,287,98.55,2930,10.96,25.2,71.35,29,traffic,110268
288,288,86.63,937,11.65,22.2,69.36,81,highway,174099
289,289,85.84,3007,12.46,53.3,78.68,79,traffic,177156
290,290,87.69,3499,12.54,41.6,76.93,27,traffic,215325
291,291,86.68,1200,11.84,16.4,68.18,25,traffic,218140
292,292,97.19,655,12.74,43.5,44.96,72,mixed,124019
293,293,105.31,1326,10.92,32.6,67.14,53,highway,217992
294,294,93.27,2827,12.04,30.9,68.84,83,highway,144125
295,295,98.72,1175,12.11,25.0,69.74,2,traffic,70870
296,296,108.83,3217,11.89,40.7,61.06,20,traffic,179662
297,297,95.72,3703,13.08,32.8,72.49,55,mixed,253232
298,298,99.99,3313,12.11,30.8,78.9,42,highway,52748
299,299,95.15,3107,13.15,52.2,63.23,15,traffic,37369
300,300,93.2,2030,11.92,44.9,72.26,48,traffic,179375
301,301,85.21,641,11.99,37.0,80.42,44,traffic,115370
302,302,91.04,2208,13.21,42.3,51.15,42,traffic,220905
303,303,93.66,1148,13.11,45.0,26.31,38,traffic,184441
304,304,82.66,2697,12.98,29.1,67.25,18,traffic,133998
305,305,85.32,2256,12.93,49.8,68.5,71,mixed,136760
306,306,98.04,2104,11.37,53.0,51.91,22,traffic,272718
307,307,106.64,1278,12.38,41.1,60.51,49,traffic,179500
308,308,101.29,4264,12.72,36.9,60.24,33,traffic,160541
309,309,105.37,1782,12.25,34.9,56.27,65,traffic,195587
310,310,89.95,3077,12.4,21.5,70.51,14,traffic,136524
311,311,97.55,2040,12.1,33.5,57.66,20,mixed,107661
312,312,96.68,2435,12.1,41.7,47.26,27,mixed,50624
313,313,87.78,1502,12.74,44.8,71.92,7,traffic,59608
314,314,97.36,2092,12.1,27.9,79.62,61,mixed,183096
315,315,90.24,2620,12.37,39.1,83.56,27,highway,270428
316,316,102.18,3215,12.65,41.4,91.03,15,traffic,192260
317,317,97.75,2072,12.68,27.6,74.84,32,mixed,273311
318,318,103.51,1915,12.49,36.3,80.06,33,highway,214512
319,319,91.31,2151,12.28,40.6,88.6,0,traffic,30957
320,320,99.09,4190,12.34,25.0,81.3,30,mixed,265434
321,321,91.16,3966,12.43,24.4,69.01,33,mixed,243835
322,322,102.07,2670,12.14,36.7,62.34,50,highway,191032
323,323,84.87,2896,11.03,30.0,49.19,76,mixed,221990
324,324,90.72,2978,11.76,19.6,67.66,62,traffic,142085
325,325,104.91,2394,13.43,22.4,66.1,38,traffic,264032
326,326,85.28,1966,12.99,36.3,64.9,79,mixed,238537
327,327,90.92,1040,12.86,45.6,86.08,21,traffic,164170
328,328,71.14,3387,13.46,42.0,65.85,29,traffic,119785
329,329,102.73,2481,12.84,50.8,72.81,54,traffic,159517
330,330,83.44,1964,12.52,49.9,87.89,43,mixed,187218
331,331,102.82,1546,12.38,26.2,66.47,45,traffic,185815
332,332,94.07,1035,11.11,39.4,65.41,49,traffic,158968
333,333,93.78,3621,11.71,44.5,63.75,16,traffic,275700
334,334,94.99,2729,12.49,44.1,47.46,57,traffic,112968
335,335,94.38,1713,10.57,32.7,50.21,75,highway,196892
336,336,103.11,3111,12.95,35.5,72.39,41,mixed,43059
337,337,99.31,2274,12.7,37.2,67.4,82,highway,51634
338,338,96.02,2032,10.69,46.6,89.49,58,traffic,123820
339,339,116.55,2327,11.92,24.2,57.51,71,highway,190755
340,340,106.82,1361,12.5,37.3,46.92,65,traffic,129049
341,341,93.55,2415,12.55,31.6,82.37,31,traffic,46572
342,342,91.85,2119,13.11,40.1,32.15,39,traffic,88737
343,343,95.93,1795,11.16,19.6,76.82,35,traffic,157697
344,344,85.32,4468,12.59,37.6,83.37,28,traffic,90144
345,345,95.33,2897,12.15,26.6,59.25,14,traffic,231977
346,346,96.98,2952,10.85,21.6,74.16,77,mixed,91083
347,347,81.59,2596,12.81,36.6,19.56,32,mixed,23934
348,348,89.36,1334,10.56,44.7,63.75,49,mixed,45953
349,349,97.58,2455,11.87,38.6,72.48,0,traffic,108408
350,350,99.98,2676,13.22,33.2,75.63,35,mixed,58616
351,351,90.04,2409,12.28,20.1,91.91,53,mixed,129703
352,352,85.8,1902,12.05,30.7,65.2,94,highway,234324
353,353,92.19,2500,12.86,26.7,31.58,43,traffic,179511
354,354,100.74,3300,12.19,28.3,44.27,34,highway,88427
355,355,95.51,3671,12.31,49.3,79.56,18,traffic,238706
356,356,89.63,1462,12.51,23.5,39.71,49,traffic,276050
357,357,87.14,1722,12.91,36.4,78.45,49,traffic,165110
358,358,102.03,1857,12.37,21.6,85.93,74,mixed,222798
359,359,102.96,3439,12.14,39.3,60.68,42,highway,49964
360,360,90.3,1745,11.91,49.7,68.12,42,highway,178234
361,361,98.73,2212,12.2,45.7,71.89,67,traffic,159333
362,362,88.75,1220,12.24,37.4,37.77,53,traffic,154354
363,363,91.72,2231,13.11,47.9,64.91,103,highway,260958
364,364,95.43,1014,12.73,40.2,71.98,26,traffic,241317
365,365,92.58,2585,13.01,11.4,53.64,77,traffic,41975
366,366,95.72,2676,12.3,40.0,98.0,22,traffic,255077
367,367,97.66,2220,11.96,11.0,86.07,43,highway,189492
368,368,109.49,3729,12.27,48.9,70.73,16,traffic,253579
369,369,102.98,3095,12.1,30.4,29.54,57,traffic,81211
370,370,84.74,2348,12.79,28.8,29.1,87,mixed,265806
371,371,103.18,2690,11.99,20.5,58.66,73,traffic,40080
372,372,87.98,4554,12.37,26.8,60.83,26,mixed,217876
373,373,97.75,1821,12.05,45.7,47.86,25,mixed,80814
374,374,92.17,2022,13.0,36.4,39.09,80,traffic,162152
375,375,96.86,3101,12.35,44.3,88.47,27,traffic,207413
376,376,96.74,1017,12.57,26.3,58.96,28,traffic,191608
377,377,94.8,3163,12.19,32.6,85.13,25,traffic,42473
378,378,101.14,2110,13.62,42.3,45.51,64,highway,127788
379,379,80.72,2059,12.41,38.6,82.9,73,traffic,29389
380,380,88.86,957,11.1,45.1,88.86,77,traffic,172299
381,381,94.79,1549,13.18,21.8,36.99,49,traffic,251299
382,382,82.82,3057,12.68,22.0,65.59,62,traffic,238117
383,383,102.62,2742,12.63,20.7,49.76,3,traffic,178456
384,384,103.03,1503,11.57,42.5,84.57,34,traffic,66858
385,385,89.98,1572,12.48,41.4,19.56,0,traffic,229080
386,386,104.93,3415,12.66,33.0,71.63,12,traffic,90878
387,387,88.75,2477,12.58,42.2,31.19,55,traffic,151076
388,388,87.68,2174,11.87,31.1,56.87,76,traffic,183804
389,389,88.07,1307,11.11,42.7,68.65,42,highway,210689
390,390,85.31,3847,12.34,36.1,52.34,7,traffic,151532
391,391,82.56,2424,12.63,40.7,77.72,36,traffic,65093
392,392,88.17,1325,12.57,31.5,44.91,19,traffic,101699
393,393,98.77,777,9.68,35.5,91.98,66,mixed,202374
394,394,81.16,2212,13.07,39.1,90.36,58,traffic,205822
395,395,90.44,2723,12.59,37.0,92.15,69,mixed,202048
396,396,105.5,1140,11.66,37.2,66.83,69,mixed,197665
397,397,90.48,2836,11.92,33.6,81.93,4,traffic,237270
398,398,98.35,2456,12.45,41.3,28.23,34,mixed,192671
399,399,87.22,1499,11.33,36.6,71.61,43,highway,182070
400,400,96.44,2471,12.87,20.6,57.34,49,mixed,58064
401,401,91.16,2586,12.63,29.7,58.56,76,highway,158950
402,402,94.35,3051,12.5,27.9,55.4,45,mixed,73698
403,403,102.32,2059,11.92,38.3,58.49,50,traffic,47680
404,404,87.82,1259,12.95,37.7,77.38,70,traffic,100924
405,405,99.33,1681,12.59,27.1,78.11,50,traffic,222995
406,406,100.91,1404,12.27,23.9,85.85,45,traffic,62133
407,407,92.33,1506,13.08,33.9,34.16,32,mixed,229664
408,408,91.8,2875,13.05,46.8,91.97,71,mixed,171585
409,409,94.19,2982,13.08,39.1,30.8,17,traffic,131097
410,410,90.66,1670,13.19,35.1,91.27,43,mixed,56659
411,411,95.24,1989,12.78,20.3,83.99,24,mixed,110171
412,412,88.66,1505,10.19,35.8,52.54,37,highway,112465
413,413,100.37,3077,12.52,18.4,88.9,53,mixed,142753
414,414,85.95,3007,12.55,46.1,47.17,39,traffic,30398
415,415,101.31,3813,11.78,56.3,66.11,49,traffic,59439
416,416,90.4,2524,9.79,39.9,72.68,37,mixed,156558
417,417,87.32,1603,12.92,47.3,79.39,39,mixed,94640
418,418,97.66,3472,13.0,28.7,79.84,23,highway,103696
419,419,84.54,4200,12.45,39.4,59.26,28,traffic,207594
420,420,98.99,2503,12.09,29.2,69.23,45,highway,26611
421,421,83.45,2754,12.93,41.9,76.92,63,mixed,50352
422,422,91.96,2043,11.48,28.2,68.92,36,traffic,118842
423,423,87.58,2188,11.06,47.8,86.63,43,traffic,183498
424,424,106.55,1649,12.04,29.0,62.65,74,traffic,87894
425,425,105.69,3302,12.43,29.3,59.22,68,highway,246717
426,426,88.87,3277,12.76,37.5,79.92,24,traffic,221353
427,427,97.67,2826,12.97,49.7,73.5,17,traffic,76023
428,428,91.49,3756,12.11,34.7,61.41,36,traffic,72836
429,429,98.89,4178,12.67,34.2,80.39,20,traffic,248496
430,430,103.07,3348,12.12,34.9,87.99,17,traffic,185209
431,431,93.72,1753,11.16,31.0,73.24,40,traffic,196700
432,432,89.62,1521,12.25,39.3,78.04,84,mixed,86889
433,433,105.25,3143,12.83,15.2,86.83,64,traffic,160176
434,434,87.84,1363,12.31,32.2,58.6,64,mixed,193815
435,435,95.4,3437,12.58,30.8,74.77,0,traffic,205487
436,436,94.24,2346,10.99,46.4,77.77,59,mixed,84321
437,437,91.55,1794,10.74,34.0,83.09,61,highway,180067
438,438,97.35,2019,11.7,31.7,70.21,80,traffic,74283
439,439,98.44,1474,12.21,39.5,48.0,44,traffic,102626
440,440,92.68,1710,12.43,25.0,83.58,80,highway,131595
441,441,94.67,2740,12.05,36.2,28.76,48,traffic,266556
442,442,90.97,2438,12.24,30.8,70.37,45,traffic,112580
443,443,93.63,2695,11.44,32.6,62.43,59,highway,272499
444,444,104.69,2284,12.59,39.7,66.48,18,traffic,142414
445,445,107.68,2561,11.53,29.1,68.34,32,highway,154084
446,446,93.79,3420,12.67,27.5,41.34,35,traffic,96534
447,447,86.43,2173,11.08,26.5,88.63,55,mixed,20033
448,448,93.09,2320,12.41,42.3,48.93,49,traffic,267067
449,449,105.07,2055,12.16,27.3,64.75,15,traffic,160516
450,450,90.28,1887,11.17,36.8,86.13,69,traffic,29982
451,451,95.83,2925,12.33,37.7,57.39,39,traffic,133482
452,452,93.83,2188,12.03,26.5,93.17,47,mixed,242606
453,453,89.13,1359,11.82,35.8,73.95,46,highway,271473
454,454,103.57,2162,12.76,34.1,32.56,36,mixed,160805
455,455,80.29,2430,12.49,36.5,5.0,32,mixed,59540
456,456,93.37,3021,12.67,39.5,86.48,56,mixed,18785
457,457,94.16,3327,11.75,32.8,54.77,32,traffic,215143
458,458,86.74,2444,12.97,33.5,42.49,33,highway,30901
459,459,102.22,1708,13.09,18.6,62.59,22,traffic,128952
460,460,105.43,4470,12.76,30.4,69.49,23,mixed,267781
461,461,85.01,715,12.84,32.8,83.08,47,mixed,241856
462,462,98.68,883,12.59,20.3,64.5,52,traffic,220631
463,463,94.15,1903,12.56,41.8,87.41,29,mixed,175670
464,464,98.75,1772,12.65,46.0,77.66,42,mixed,121518
465,465,101.79,1272,12.44,25.4,54.48,68,traffic,175960
466,466,95.54,2805,9.5,29.7,75.61,46,traffic,28086
467,467,105.86,2674,12.75,39.0,76.63,19,traffic,152296
468,468,97.77,4097,11.9,42.1,80.55,32,mixed,199001
469,469,83.71,1101,10.53,29.8,65.68,44,highway,196493
470,470,88.12,2393,11.8,40.6,60.25,33,mixed,58935
471,471,92.29,3497,12.26,49.6,64.17,20,traffic,215180
472,472,95.02,500,11.94,29.1,40.41,56,traffic,211746
473,473,98.81,1671,11.29,31.2,49.9,10,traffic,217614
474,474,99.33,2937,12.18,35.4,76.12,47,mixed,265460
475,475,95.86,2123,13.06,32.8,72.81,9,traffic,97379
476,476,98.33,3514,12.33,37.4,59.16,51,mixed,75669
477,477,95.05,2858,12.16,40.5,74.76,28,highway,224476
478,478,100.47,2573,13.22,23.8,74.11,58,mixed,269887
479,479,93.83,1102,10.12,25.1,71.78,27,traffic,221581
480,480,83.35,2057,12.85,47.7,86.41,54,mixed,215808
481,481,87.68,593,12.55,42.3,49.42,33,highway,59036
482,482,91.81,2889,11.08,32.6,85.16,76,traffic,64419
483,483,104.65,2848,13.15,43.0,56.42,33,mixed,176109
484,484,86.63,2904,12.42,29.3,70.21,63,mixed,102155
485,485,90.89,1796,10.93,49.4,84.97,19,traffic,119939
486,486,100.09,3190,12.31,41.8,59.66,16,traffic,217240
487,487,97.02,1763,12.22,32.2,60.2,17,traffic,219143
488,488,90.39,1930,12.94,36.6,79.15,47,mixed,63034
489,489,91.25,3077,12.42,33.0,15.57,19,traffic,21158
490,490,90.28,1536,12.69,28.3,29.74,40,traffic,252632
491,491,95.63,3009,10.55,38.4,77.21,58,mixed,192313
492,492,85.26,1235,13.01,34.5,37.97,45,mixed,18925
493,493,96.86,1578,12.71,28.2,22.0,25,mixed,267407
494,494,91.55,1710,12.43,34.9,35.48,48,mixed,98796
495,495,104.16,2086,12.57,15.2,62.97,36,traffic,205636
496,496,91.91,2769,11.27,37.2,73.11,20,mixed,96224
497,497,86.43,1842,12.88,45.0,82.82,44,traffic,230149
498,498,85.91,1913,12.74,46.0,73.88,46,mixed,219672
499,499,95.06,3876,11.98,38.9,84.12,19,traffic,225944
500,500,95.72,1757,10.0,33.0,76.53,51,mixed,78443
501,501,80.13,1978,13.1,44.9,32.04,18,traffic,273045
502,502,82.13,514,12.2,20.3,41.38,81,mixed,258830
503,503,93.05,1593,10.93,30.2,75.42,48,traffic,162637
504,504,85.5,2019,12.32,35.5,73.98,80,mixed,20329
505,505,82.99,2653,11.65,42.4,64.26,37,mixed,75944
506,506,84.6,2508,10.76,41.6,66.36,42,mixed,83753
507,507,103.06,2039,11.39,45.4,70.95,30,traffic,232896
508,508,95.32,2647,12.77,46.5,85.37,66,highway,52089
509,509,85.17,2023,12.42,44.9,76.27,25,traffic,96663
510,510,89.49,2051,13.08,44.0,68.57,92,highway,40184
511,511,86.32,3235,11.05,24.3,73.31,56,mixed,210679
512,512,80.86,1710,10.77,29.1,70.6,13,traffic,129213
513,513,95.67,1575,12.66,22.0,64.53,48,traffic,199981
514,514,104.45,2627,12.48,33.7,62.09,98,highway,46935
515,515,95.67,2367,13.23,35.1,73.48,41,mixed,209664
516,516,86.54,3230,12.14,38.9,73.38,28,traffic,256986
517,517,103.16,2608,13.06,44.7,47.33,26,traffic,35459
518,518,93.58,2215,12.44,22.5,68.9,61,highway,228371
519,519,81.3,1698,12.61,38.2,95.32,41,traffic,70775
520,520,102.06,1999,12.73,25.3,78.21,21,traffic,33100
521,521,92.76,3177,12.2,43.2,39.61,31,mixed,109150
522,522,103.15,1609,11.91,24.6,70.67,12,traffic,89778
523,523,105.59,2456,12.24,33.3,78.01,86,traffic,150579
524,524,94.82,1309,13.41,30.4,73.79,36,traffic,228041
525,525,99.42,1174,11.95,27.3,29.69,44,traffic,268114
526,526,95.64,1802,12.2,29.1,85.83,81,traffic,213892
527,527,97.23,2184,12.03,18.0,79.0,55,traffic,234329
528,528,89.53,2584,11.64,47.9,77.41,10,traffic,246906
529,529,88.58,2030,12.22,46.9,45.15,66,traffic,185119
530,530,80.52,2301,11.16,25.2,49.28,20,traffic,52063
531,531,81.46,2887,12.48,34.6,51.21,68,highway,48155
532,532,102.05,1875,12.26,40.9,88.97,43,mixed,191327
533,533,93.79,2485,11.9,14.5,79.97,42,traffic,246593
534,534,82.18,2016,13.06,37.2,68.45,43,traffic,100451
535,535,90.86,2724,12.56,43.3,83.81,21,traffic,191325
536,536,109.33,3270,12.49,47.8,83.72,12,traffic,100816
537,537,96.25,2349,12.21,27.4,63.0,25,mixed,262046
538,538,96.81,3023,12.68,37.1,84.23,81,mixed,233635
539,539,87.5,894,9.9,23.9,79.36,17,traffic,196392
540,540,92.47,1949,12.78,37.2,84.83,42,traffic,141915
541,541,86.78,4310,11.49,37.5,86.47,42,highway,176591
542,542,97.04,594,12.7,25.3,19.49,65,mixed,30882
543,543,101.52,1468,12.54,25.1,72.87,48,traffic,116271
544,544,92.23,1941,12.48,35.6,84.41,0,traffic,144016
545,545,95.71,2538,12.54,30.2,74.21,43,traffic,160674
546,546,101.15,2116,12.66,43.4,66.6,51,highway,251959
547,547,84.39,3153,12.8,46.4,80.35,80,mixed,185962
548,548,82.23,2377,12.57,43.5,78.7,120,highway,266860
549,549,90.16,2730,10.79,41.5,80.7,55,highway,209328
550,550,102.42,1469,12.27,25.0,65.84,37,traffic,64949
551,551,79.07,2019,10.89,26.0,55.52,69,traffic,228127
552,552,89.21,3043,12.67,41.6,56.59,27,traffic,165348
553,553,72.02,964,12.68,38.9,82.78,39,mixed,131819
554,554,87.85,3225,12.43,35.3,71.76,33,traffic,18352
555,555,95.57,2077,12.6,16.3,72.15,24,mixed,196644
556,556,88.95,1403,13.16,40.3,45.33,36,mixed,262808
557,557,102.05,4214,11.83,34.8,85.59,21,mixed,140866
558,558,91.07,995,10.39,24.0,66.43,82,mixed,20943
559,559,101.57,2090,12.02,41.0,29.84,48,highway,178137
560,560,100.95,2236,12.39,34.5,57.96,31,highway,82631
561,561,100.02,3503,12.43,39.2,64.07,35,mixed,121984
562,562,91.04,1570,12.75,29.3,79.08,20,highway,220479
563,563,76.8,1874,10.22,36.6,56.39,44,traffic,225096
564,564,81.65,2656,12.36,45.6,67.56,55,highway,52969
565,565,94.98,2590,12.92,24.1,59.96,46,mixed,74944
566,566,85.38,2499,12.09,35.3,33.75,47,traffic,100846
567,567,97.5,4506,11.76,39.1,66.41,34,highway,96949
568,568,96.15,1880,12.42,15.3,63.07,45,traffic,132088
569,569,88.76,1571,10.99,28.3,74.65,38,mixed,137022
570,570,93.18,3944,12.57,44.1,77.77,23,traffic,137133
571,571,92.85,1954,12.22,39.7,40.19,37,mixed,95348
572,572,98.76,1469,12.75,29.3,76.85,6,traffic,70651
573,573,82.99,2181,12.65,42.0,84.97,35,traffic,56889
574,574,84.21,2472,12.33,30.1,24.26,27,traffic,248478
575,575,84.97,1397,12.27,31.2,38.31,53,traffic,159636
576,576,95.89,3742,13.2,28.0,95.06,29,mixed,163713
577,577,101.66,2944,11.88,30.3,98.0,43,traffic,33076
578,578,94.9,1054,11.77,26.4,72.31,64,mixed,101978
579,579,93.0,2952,12.43,27.6,70.61,56,highway,33877
580,580,88.41,1842,12.69,41.5,27.25,63,traffic,184860
581,581,111.05,2682,12.35,37.5,97.23,31,highway,80857
582,582,91.0,1742,12.99,56.5,76.74,63,mixed,273114
583,583,80.36,2031,12.02,20.5,78.63,70,mixed,216136
584,584,83.43,2389,12.8,26.5,22.56,46,traffic,228589
585,585,91.9,3450,12.31,26.0,72.49,45,mixed,131592
586,586,95.85,2340,12.66,36.4,84.65,83,mixed,240036
587,587,90.36,2044,12.68,47.7,60.94,76,traffic,230832
588,588,97.44,2003,12.61,33.1,64.68,62,mixed,264689
589,589,95.96,1598,11.82,52.8,41.99,64,traffic,85582
590,590,95.57,844,12.94,29.1,42.53,43,mixed,58721
591,591,103.12,2626,12.86,27.7,48.52,0,traffic,18892
592,592,94.57,3156,13.19,27.7,64.63,62,mixed,146910
593,593,93.48,993,12.76,14.6,81.07,46,traffic,47528
594,594,111.35,4238,12.16,38.6,58.37,10,traffic,272198
595,595,96.5,1088,11.75,14.8,81.82,30,traffic,166066
596,596,96.69,500,13.21,45.6,87.22,48,traffic,127647
597,597,94.65,1154,10.97,35.5,72.9,59,traffic,269798
598,598,102.02,2700,12.73,23.2,76.3,7,traffic,136938
599,599,81.85,1939,12.64,24.3,53.37,69,highway,18084
600,600,106.01,2091,12.4,31.1,56.12,18,traffic,71732
601,601,92.22,1249,12.59,42.0,76.99,38,traffic,190709
602,602,94.58,2124,12.65,37.9,79.88,45,traffic,164106
603,603,78.56,2008,12.72,45.6,84.46,12,traffic,161210
604,604,97.79,3840,11.57,26.7,87.1,55,highway,217938
605,605,95.54,3669,12.74,51.7,71.49,18,traffic,187911
606,606,87.71,1756,13.01,36.8,78.29,38,mixed,219851
607,607,88.42,2715,12.73,33.9,81.45,40,traffic,40753
608,608,96.51,2269,11.27,35.6,52.54,28,mixed,110937
609,609,96.57,3026,12.03,44.2,36.73,60,traffic,154453
610,610,93.21,3056,12.36,25.1,83.45,73,mixed,179932
611,611,88.21,2821,12.5,29.3,82.45,67,traffic,128610
612,612,95.6,2319,12.95,21.6,68.81,69,mixed,179162
613,613,100.22,3384,12.17,33.1,75.28,30,traffic,203919
614,614,90.0,3324,12.71,40.2,80.19,6,traffic,126972
615,615,95.7,1133,12.83,53.7,77.51,73,mixed,171745
616,616,82.27,2123,10.72,31.3,74.71,28,traffic,175944
617,617,91.75,1388,12.73,44.8,67.74,1,traffic,231672
618,618,94.51,2445,11.8,31.5,57.67,42,traffic,38858
619,619,87.82,2400,12.42,16.6,50.37,5,traffic,216961
620,620,100.77,2482,12.3,17.7,97.99,25,mixed,272288
621,621,100.66,2540,12.71,36.4,45.33,19,traffic,131614
622,622,100.79,4232,12.44,28.8,66.64,54,mixed,251394
623,623,97.26,1865,11.22,30.7,61.38,7,traffic,155900
624,624,89.59,3464,12.93,23.3,70.53,20,mixed,51934
625,625,94.45,4031,12.5,35.3,98.0,11,traffic,272071
626,626,91.12,2813,11.53,50.4,63.37,38,traffic,156084
627,627,100.59,2512,12.41,20.1,74.52,97,highway,157253
628,628,109.92,2586,12.43,38.7,81.15,30,traffic,149839
629,629,91.21,2456,12.47,27.4,9.53,28,traffic,65000
630,630,81.0,2164,12.84,42.7,70.0,46,traffic,222748
631,631,103.48,2710,12.2,16.6,46.72,36,mixed,28101
632,632,105.81,2522,12.73,40.0,65.86,64,mixed,207739
633,633,91.97,2191,12.57,40.9,70.12,48,traffic,83113
634,634,100.82,3478,12.96,45.6,58.77,21,traffic,71524
635,635,86.04,1064,12.66,36.4,27.27,61,traffic,152411
636,636,84.04,1633,12.24,34.4,76.24,47,highway,55387
637,637,88.73,1888,12.4,51.4,80.3,83,highway,129630
638,638,81.5,3170,11.94,26.0,63.29,87,mixed,77015
639,639,94.76,2257,12.3,40.2,25.99,45,highway,269866
640,640,93.15,2314,12.78,40.3,80.94,75,highway,255029
641,641,83.2,1974,12.02,29.9,60.81,59,highway,107363
642,642,99.34,2924,13.19,25.9,57.55,20,mixed,49216
643,643,92.89,1566,10.73,35.4,67.11,66,traffic,171272
644,644,106.49,2605,12.52,32.3,65.89,62,mixed,170165
645,645,90.18,3175,12.18,30.2,36.04,46,traffic,127753
646,646,93.79,2541,13.34,20.1,48.99,43,traffic,122077
647,647,94.49,624,12.17,26.0,37.94,45,mixed,81146
648,648,95.7,3171,12.1,45.8,68.11,8,traffic,166820
649,649,90.22,1249,10.39,40.6,67.42,68,traffic,222694
650,650,91.13,1812,12.57,27.5,52.4,72,highway,89105
651,651,95.99,3067,11.91,34.8,88.31,21,mixed,182157
652,652,98.79,1162,11.99,30.7,69.73,61,traffic,29748
653,653,92.55,2587,12.35,36.3,21.68,64,mixed,177173
654,654,84.54,1522,10.43,47.8,73.49,43,mixed,157771
655,655,93.38,1695,13.75,13.3,71.2,25,traffic,79817
656,656,89.59,789,12.54,43.3,68.27,68,mixed,212357
657,657,97.69,1914,10.4,19.9,62.96,28,highway,177495
658,658,88.5,1763,12.81,47.8,79.49,91,highway,53601
659,659,100.03,2875,13.11,18.3,70.67,61,mixed,61212
660,660,92.32,2526,12.13,36.8,68.2,37,highway,18526
661,661,108.78,2095,12.57,26.2,59.26,54,mixed,123673
662,662,103.75,2242,11.81,23.8,54.63,45,traffic,114365
663,663,90.56,1523,9.99,28.3,89.92,60,traffic,65763
664,664,97.44,2436,12.77,39.4,36.49,58,mixed,79560
665,665,101.02,500,11.85,44.2,38.01,35,traffic,78424
666,666,86.09,1963,12.47,37.8,87.89,40,highway,164400
667,667,89.99,1214,10.91,52.1,95.45,25,mixed,30414
668,668,93.3,1711,12.49,49.7,75.89,30,traffic,129259
669,669,101.4,1232,12.17,32.0,30.65,12,traffic,193349
670,670,95.56,2139,12.04,39.5,34.19,46,mixed,59980
671,671,96.43,2148,12.31,38.9,46.71,37,traffic,102054
672,672,100.31,2133,11.72,28.3,85.67,47,mixed,153288
673,673,89.4,1639,12.5,27.3,79.5,74,mixed,107786
674,674,99.55,2376,11.21,30.8,81.58,52,mixed,27252
675,675,106.67,1176,12.09,22.7,70.01,42,highway,144706
676,676,90.57,2575,11.73,37.5,33.41,39,traffic,146568
677,677,85.45,2779,13.15,20.9,90.03,43,traffic,113587
678,678,109.01,2835,12.42,18.5,69.33,46,mixed,72767
679,679,80.3,2358,12.69,40.8,50.6,78,mixed,257523
680,680,89.1,3221,12.63,40.9,84.75,20,mixed,32340
681,681,103.13,2080,12.05,46.5,79.28,84,traffic,108983
682,682,82.31,1279,12.45,37.0,33.17,50,highway,51910
683,683,96.16,3406,12.95,18.6,86.57,52,mixed,62349
684,684,88.27,2434,13.34,18.9,83.8,39,traffic,231390
685,685,92.03,3173,12.01,26.5,74.36,34,traffic,61591
686,686,107.88,3633,13.1,44.4,71.22,39,traffic,99700
687,687,87.84,2078,12.49,38.7,75.23,62,highway,141625
688,688,98.27,2990,12.2,26.4,54.56,23,mixed,32982
689,689,102.22,1869,12.57,44.9,62.63,16,traffic,232736
690,690,110.48,2778,12.87,37.1,98.0,20,traffic,37792
691,691,85.16,1575,12.78,47.1,69.62,53,highway,111823
692,692,105.76,500,12.17,27.6,74.18,35,traffic,104708
693,693,87.93,3246,12.04,38.4,76.68,20,traffic,110804
694,694,107.29,1705,13.21,12.8,59.9,41,traffic,229644
695,695,83.8,1767,12.73,31.6,77.88,45,traffic,277848
696,696,92.22,1834,12.67,24.4,69.76,40,mixed,279316
697,697,85.47,1883,12.77,44.1,88.1,68,mixed,126903
698,698,102.86,2767,12.31,42.6,73.97,40,traffic,31913
699,699,86.61,4641,12.25,47.2,75.71,7,traffic,118520
700,700,90.32,2423,12.61,40.2,72.28,61,mixed,199452
701,701,86.29,2337,12.59,11.2,92.23,65,mixed,86987
702,702,103.39,2514,12.42,39.9,62.45,14,traffic,254190
703,703,104.32,1214,12.12,44.6,30.13,57,mixed,190462
704,704,86.83,1354,12.41,42.6,76.49,38,traffic,68524
705,705,83.72,1262,12.83,48.2,83.15,33,traffic,116841
706,706,94.24,2124,12.3,30.5,33.93,22,traffic,70975
707,707,83.23,1605,12.64,22.5,64.29,22,mixed,142836
708,708,94.41,1650,12.15,41.9,35.65,58,traffic,107497
709,709,94.3,2799,11.86,21.0,58.21,18,traffic,279527
710,710,90.62,4228,13.07,42.1,61.97,23,traffic,241187
711,711,91.76,2086,13.18,16.5,67.8,60,traffic,148725
712,712,81.37,2678,12.06,39.4,37.46,54,traffic,59395
713,713,87.9,1539,12.72,45.4,79.32,59,traffic,140354
714,714,102.5,2692,12.42,26.8,75.91,80,traffic,201096
715,715,93.66,2277,11.38,33.1,86.0,26,traffic,269622
716,716,90.78,1579,12.78,45.7,85.15,66,traffic,44988
717,717,100.97,3133,12.4,29.7,68.84,41,mixed,81086
718,718,98.97,3329,12.34,38.1,72.95,28,traffic,41063
719,719,108.76,1526,13.0,48.2,83.67,71,traffic,206446
720,720,81.16,2275,10.87,33.5,57.02,60,mixed,263515
721,721,91.57,2845,12.46,27.8,33.67,66,highway,250378
722,722,94.11,4197,11.76,43.0,74.76,36,traffic,96545
723,723,82.28,1573,12.71,34.1,29.45,28,traffic,237351
724,724,88.07,2730,12.54,34.9,19.51,37,highway,142243
725,725,107.68,2443,12.48,32.7,53.75,4,traffic,215983
726,726,99.68,3060,12.5,39.5,70.02,16,traffic,254079
727,727,94.4,2248,11.92,19.8,98.0,60,traffic,174375
728,728,103.18,1448,11.37,30.8,67.92,86,highway,258630
729,729,105.99,2438,12.82,23.5,72.73,7,traffic,214722
730,730,90.38,1784,11.93,40.1,55.64,70,traffic,75216
731,731,102.39,3445,12.26,34.0,62.85,23,traffic,162730
732,732,85.69,2207,12.78,34.4,90.24,34,traffic,218765
733,733,94.86,1998,12.07,24.6,63.17,54,traffic,152099
734,734,90.53,1211,12.11,47.7,34.94,52,traffic,202028
735,735,98.32,2131,11.62,27.0,79.34,41,mixed,251104
736,736,107.73,2590,12.23,25.2,51.67,32,traffic,103896
737,737,97.74,3623,12.56,44.3,80.27,5,traffic,40305
738,738,101.79,1690,11.91,26.2,52.94,46,mixed,252407
739,739,88.54,2798,12.32,44.8,54.06,26,traffic,226486
740,740,102.52,2231,12.63,30.6,47.46,43,traffic,222194
741,741,95.41,2377,12.14,22.1,74.21,45,traffic,211248
742,742,84.11,2593,11.8,33.8,27.62,48,traffic,144820
743,743,99.11,2481,12.17,18.1,77.4,44,traffic,33848
744,744,85.46,2312,11.05,39.4,77.8,46,mixed,264963
745,745,78.53,1077,10.05,43.4,88.24,48,traffic,266287
746,746,88.05,2569,12.61,36.1,28.82,24,traffic,103118
747,747,84.84,1844,12.99,43.1,82.06,0,traffic,166747
748,748,98.21,4119,12.84,28.4,66.8,20,traffic,135965
749,749,92.8,2215,12.27,41.0,12.66,51,highway,228935
750,750,74.18,2076,12.53,31.9,82.19,38,mixed,189412
751,751,100.14,1992,13.26,28.2,43.14,60,traffic,189535
752,752,96.74,2128,12.21,31.4,77.77,19,traffic,225216
753,753,107.79,1482,12.09,32.9,68.54,54,traffic,96997
754,754,85.58,1777,12.77,39.1,68.01,66,traffic,66521
755,755,103.21,2546,12.44,31.5,63.78,37,mixed,179425
756,756,102.32,3963,12.48,22.1,75.14,9,traffic,274805
757,757,97.36,1991,12.71,23.9,70.61,37,highway,250628
758,758,98.25,1548,11.98,34.8,62.46,81,highway,204656
759,759,90.46,1537,12.38,49.5,82.95,68,traffic,61481
760,760,94.02,2280,12.29,42.0,66.1,30,traffic,253689
761,761,83.57,1983,10.93,37.6,82.81,32,traffic,256825
762,762,83.36,2022,12.57,40.5,85.67,53,mixed,144703
763,763,99.62,3124,12.15,43.8,77.22,16,traffic,247234
764,764,89.0,1584,12.63,21.0,67.54,72,highway,127119
765,765,93.45,4288,12.63,38.4,93.77,48,traffic,150799
766,766,91.84,2616,11.81,32.0,32.87,45,traffic,132226
767,767,95.98,3029,12.99,19.6,75.55,33,highway,21694
768,768,94.9,3311,12.17,39.6,39.48,49,mixed,261509
769,769,104.07,2741,12.21,19.7,54.26,16,traffic,177169
770,770,96.3,3684,12.56,40.7,78.99,20,traffic,168336
771,771,96.21,2363,11.94,30.5,22.08,30,mixed,70850
772,772,99.2,3183,12.97,40.8,94.53,20,traffic,204891
773,773,103.68,3263,12.77,26.6,80.3,27,traffic,192913
774,774,87.09,2882,11.81,35.6,90.38,25,mixed,36143
775,775,89.66,1861,13.0,41.9,73.93,69,traffic,68219
776,776,95.95,1468,12.59,45.1,77.23,19,traffic,262840
777,777,83.07,1317,10.62,41.4,69.5,38,traffic,230051
778,778,95.15,3220,12.81,40.1,70.87,40,traffic,41529
779,779,86.19,3365,12.07,37.5,98.0,37,mixed,54597
780,780,95.4,2159,12.94,27.4,77.96,34,mixed,146389
781,781,89.46,2487,12.72,35.7,41.12,10,traffic,156943
782,782,107.0,4344,12.54,45.5,78.14,29,traffic,219756
783,783,86.51,1668,12.49,37.4,77.64,37,traffic,93273
784,784,100.87,1563,12.74,40.6,69.81,42,mixed,150537
785,785,106.05,2797,12.39,24.5,77.61,44,traffic,190512
786,786,96.91,1888,13.07,29.4,29.8,0,traffic,144404
787,787,88.63,1084,12.57,38.9,40.99,22,traffic,242146
788,788,99.12,3615,12.19,51.5,52.71,21,traffic,99651
789,789,93.7,1754,12.78,34.0,59.28,2,traffic,250786
790,790,91.88,1712,10.81,36.6,56.33,58,mixed,33607
791,791,110.64,4426,12.3,30.9,71.0,22,traffic,49472
792,792,104.46,2814,12.35,40.9,73.33,23,highway,40937
793,793,90.94,1975,12.55,14.3,61.92,5,traffic,213699
794,794,115.95,2246,12.13,24.2,60.48,105,highway,237848
795,795,106.44,2374,12.43,46.1,92.5,49,mixed,214291
796,796,111.69,3381,12.25,22.0,84.41,28,mixed,237440
797,797,84.48,1224,12.26,46.9,29.73,59,traffic,96453
798,798,77.61,3368,12.97,35.6,35.78,74,highway,19217
799,799,83.75,2147,11.93,19.8,88.69,52,traffic,124643
800,800,116.19,1741,13.09,12.7,87.08,49,traffic,54738
801,801,93.81,1555,12.66,38.8,33.8,32,traffic,109394
802,802,111.23,1876,12.62,19.9,76.9,66,mixed,242143
803,803,97.95,2396,10.17,35.8,71.94,53,traffic,233664
804,804,90.65,516,10.85,31.7,57.37,11,traffic,141127
805,805,88.3,3664,12.16,46.9,92.58,12,traffic,32749
806,806,95.8,4350,12.39,33.8,73.02,48,traffic,186396
807,807,102.02,2493,12.55,41.3,15.29,29,traffic,210670
808,808,90.4,3397,11.29,30.9,85.69,16,traffic,112528
809,809,76.97,2284,10.46,35.9,76.87,65,mixed,137369
810,810,95.58,1862,12.59,29.9,63.97,62,traffic,150983
811,811,80.29,2223,12.76,39.2,85.99,60,traffic,157539
812,812,101.23,2159,12.04,25.4,71.4,87,mixed,25302
813,813,103.01,1785,12.75,22.9,84.01,44,traffic,262669
814,814,95.99,2204,12.14,38.4,34.34,16,traffic,214937
815,815,107.02,1260,10.77,36.2,55.94,71,highway,53244
816,816,89.21,2737,10.73,52.8,91.58,28,traffic,55191
817,817,88.94,2046,10.53,32.9,62.34,50,traffic,91862
818,818,86.99,2392,12.87,21.6,65.34,35,mixed,199151
819,819,108.34,1659,11.89,23.5,51.35,67,mixed,270657
820,820,87.01,548,12.48,38.2,21.55,39,mixed,173050
821,821,94.99,2459,12.31,45.8,89.05,10,traffic,227496
822,822,83.59,2418,12.49,37.4,29.35,58,traffic,192156
823,823,88.98,1250,12.13,44.5,40.11,91,highway,58139
824,824,100.56,2800,12.43,41.7,60.54,44,mixed,240841
825,825,85.23,2077,13.29,29.9,25.37,51,highway,244420
826,826,106.34,3219,12.26,39.3,53.75,49,highway,248767
827,827,94.1,3269,12.91,46.7,97.07,21,highway,192139
828,828,90.32,2856,11.01,34.9,51.93,62,mixed,244008
829,829,95.07,2200,12.72,31.5,41.48,12,traffic,197570
830,830,94.06,1425,12.99,19.2,81.91,33,traffic,85763
831,831,92.12,993,10.92,35.6,56.25,58,highway,120869
832,832,88.7,1397,12.83,38.5,62.47,22,traffic,70679
833,833,102.56,1784,13.25,19.8,69.03,4,traffic,175154
834,834,101.87,2388,12.74,38.7,76.16,21,highway,269762
835,835,89.1,2286,12.96,42.4,66.88,38,highway,64709
836,836,78.96,1841,12.86,39.5,76.58,59,traffic,22983
837,837,97.26,2232,11.71,22.9,57.47,20,mixed,155277
838,838,100.69,3003,11.63,31.1,33.96,63,mixed,52107
839,839,103.15,3728,12.72,33.8,91.03,17,traffic,192228
840,840,77.08,828,11.47,30.0,48.74,55,traffic,110859
841,841,94.32,2388,12.19,30.6,73.84,16,traffic,39966
842,842,101.49,2718,13.08,37.4,42.37,36,highway,240579
843,843,99.04,2034,11.32,52.7,80.98,55,mixed,32230
844,844,87.85,3846,13.09,45.6,92.03,27,traffic,211375
845,845,103.91,3354,12.16,35.6,63.82,30,traffic,95971
846,846,97.29,2182,12.44,29.3,75.3,61,traffic,199717
847,847,92.15,1436,11.44,36.0,90.2,38,highway,20562
848,848,100.98,3083,13.12,9.3,69.03,48,mixed,110212
849,849,113.38,2718,12.29,21.5,83.03,32,mixed,235859
850,850,102.68,2230,12.54,30.1,61.9,38,mixed,176466
851,851,85.13,1888,12.75,44.9,79.46,73,traffic,70072
852,852,87.11,1305,11.22,39.5,63.18,59,traffic,93659
853,853,91.26,1819,12.19,50.9,33.36,46,traffic,117906
854,854,97.55,2135,12.88,48.0,31.13,41,mixed,161954
855,855,84.96,2375,12.81,44.0,86.32,51,traffic,165458
856,856,99.65,1731,12.92,33.6,58.5,33,mixed,77095
857,857,89.72,1260,12.27,33.3,81.09,45,traffic,99774
858,858,108.1,3538,12.56,30.3,45.9,24,highway,53835
859,859,87.17,2179,13.0,46.7,68.15,48,traffic,99571
860,860,94.83,4606,12.48,40.0,61.45,5,traffic,180523
861,861,90.01,4109,12.62,51.5,63.86,10,traffic,212264
862,862,83.82,2600,11.28,50.0,71.85,46,traffic,55998
863,863,86.65,1918,12.77,38.3,50.4,82,mixed,165684
864,864,99.74,2186,12.27,45.4,23.35,50,mixed,118688
865,865,108.79,2521,12.81,32.2,80.88,96,highway,93963
866,866,86.0,1411,11.11,34.9,66.06,51,mixed,79753
867,867,116.7,2194,11.8,38.1,44.63,60,mixed,234966
868,868,89.61,1227,12.95,30.6,38.7,50,mixed,25077
869,869,84.27,1760,11.98,36.5,60.28,86,highway,174909
870,870,77.56,2352,12.37,37.9,86.54,45,mixed,242435
871,871,88.51,2463,12.82,36.3,84.3,58,mixed,70694
872,872,91.86,3669,12.57,33.0,79.15,21,mixed,271587
873,873,96.45,500,12.94,13.4,75.25,69,mixed,47471
874,874,93.13,2370,10.72,46.2,84.97,8,traffic,120071
875,875,84.42,2915,13.11,32.8,58.69,63,traffic,44137
876,876,82.71,2543,11.2,40.5,79.13,60,mixed,123631
877,877,82.37,1232,12.38,42.5,77.67,54,mixed,193072
878,878,89.76,3086,10.98,42.6,76.13,60,traffic,62911
879,879,101.12,3294,12.56,19.3,72.39,47,mixed,81238
880,880,87.83,1648,10.57,41.5,85.49,23,highway,103466
881,881,96.79,3607,12.24,43.4,78.29,25,traffic,172498
882,882,100.64,2610,12.4,35.5,74.81,47,traffic,154934
883,883,82.72,2876,11.92,41.8,70.33,32,traffic,236685
884,884,93.57,1294,12.53,33.4,13.11,44,traffic,123126
885,885,91.16,1749,12.98,39.2,24.02,8,traffic,234489
886,886,79.82,2363,12.91,30.1,11.95,64,traffic,86650
887,887,98.24,3088,11.81,22.0,50.08,36,mixed,123884
888,888,87.35,2779,13.09,41.1,29.66,31,mixed,18926
889,889,94.15,2369,12.35,32.3,30.97,56,mixed,30129
890,890,99.94,647,12.14,38.4,73.65,46,mixed,197525
891,891,108.71,2346,12.41,37.2,83.07,23,mixed,246101
892,892,109.16,1722,11.98,43.0,74.66,62,highway,241087
893,893,104.72,1962,12.13,44.1,78.76,32,highway,157335
894,894,105.97,2197,12.6,27.5,60.87,33,highway,225061
895,895,80.26,1819,11.66,35.4,66.09,51,traffic,198453
896,896,87.94,2411,12.06,34.5,59.95,36,traffic,39057
897,897,93.77,2490,12.68,19.8,58.59,54,mixed,140210
898,898,89.23,1980,12.46,31.7,86.21,55,highway,260972
899,899,98.69,2088,12.55,40.0,55.82,60,traffic,114195
900,900,96.85,2786,11.99,40.8,87.51,25,traffic,185053
901,901,82.59,2805,12.11,11.2,89.88,86,traffic,75610
902,902,113.82,2789,12.35,12.5,79.49,37,mixed,161413
903,903,76.67,2758,12.25,39.0,39.06,48,mixed,99272
904,904,106.68,2968,12.27,29.2,68.09,38,traffic,218872
905,905,87.82,2370,11.93,35.0,27.43,42,mixed,136208
906,906,78.06,1496,12.42,29.1,59.52,49,mixed,80903
907,907,87.54,3811,12.13,39.0,61.42,33,traffic,229581
908,908,103.18,2983,12.38,47.4,83.41,53,highway,188563
909,909,87.79,1578,12.53,32.3,70.11,34,traffic,219234
910,910,103.67,947,11.74,26.7,82.15,82,highway,142020
911,911,94.45,1487,13.22,18.0,69.85,17,traffic,186144
912,912,104.62,1764,11.42,40.9,87.1,53,mixed,47443
913,913,83.48,2222,12.91,38.4,85.72,41,traffic,190149
914,914,88.54,2558,11.99,39.9,53.35,54,traffic,278086
915,915,89.92,1565,12.92,18.3,80.24,21,traffic,62988
916,916,95.13,2905,12.86,48.1,41.46,92,highway,189100
917,917,85.13,3371,12.82,39.4,74.83,31,highway,187338
918,918,101.46,1140,11.76,27.8,54.04,41,mixed,20831
919,919,98.38,1595,13.21,39.3,20.35,40,traffic,24588
920,920,107.56,2280,13.28,20.9,81.04,17,traffic,215437
921,921,87.7,2451,12.89,39.7,81.72,58,mixed,31266
922,922,93.6,1598,12.25,15.4,67.43,65,highway,207572
923,923,95.0,2556,12.62,30.2,37.31,57,highway,229343
924,924,92.71,1786,11.84,40.6,60.21,29,traffic,243549
925,925,104.57,2113,10.64,37.4,49.15,72,highway,226866
926,926,83.86,2168,12.07,44.6,28.51,54,traffic,240858
927,927,97.41,1979,13.15,39.0,88.93,72,traffic,131279
928,928,83.39,1951,12.62,43.8,76.09,17,traffic,152597
929,929,89.22,2949,12.33,39.9,34.94,41,traffic,219522
930,930,75.89,2277,12.63,29.4,30.73,19,traffic,192612
931,931,84.6,1975,10.94,28.2,64.69,71,highway,249935
932,932,94.41,1621,12.5,33.3,25.23,21,mixed,90269
933,933,86.3,2530,10.65,31.8,81.77,94,highway,20036
934,934,90.03,2083,12.07,41.0,55.58,26,mixed,261299
935,935,101.7,3114,12.78,34.3,77.91,7,traffic,92715
936,936,87.28,2737,12.5,28.0,26.83,40,traffic,166223
937,937,83.78,2244,13.42,22.1,67.89,34,traffic,90409
938,938,98.02,1872,12.63,35.9,30.59,41,traffic,95729
939,939,107.15,1964,11.82,26.1,72.99,31,traffic,141372
940,940,92.65,3734,12.12,39.6,26.89,46,traffic,96816
941,941,97.25,2072,12.85,32.4,57.84,91,highway,144500
942,942,96.99,3356,11.98,19.3,86.93,43,traffic,252248
943,943,96.15,1852,12.5,42.2,74.75,47,traffic,196410
944,944,83.35,2294,12.42,40.2,75.82,32,traffic,224279
945,945,87.66,1293,13.13,38.7,79.11,22,mixed,234006
946,946,97.39,3675,11.89,44.2,77.39,16,traffic,219673
947,947,95.16,2172,11.25,42.5,63.25,45,mixed,149684
948,948,85.17,3744,12.18,30.8,86.29,31,traffic,234196
949,949,93.49,3436,12.76,37.5,65.85,32,mixed,62460
950,950,106.52,3000,13.54,43.2,70.6,17,traffic,88863
951,951,92.96,2332,10.7,38.4,64.72,68,mixed,50526
952,952,93.26,1867,12.63,40.9,92.19,24,traffic,176108
953,953,77.02,2144,12.92,40.2,86.34,64,traffic,115653
954,954,102.64,2788,12.3,29.9,72.53,97,highway,87543
955,955,94.26,2034,12.78,35.3,85.06,59,traffic,104319
956,956,97.89,2970,12.32,42.6,85.78,20,mixed,266710
957,957,103.06,2372,12.74,42.1,63.17,47,mixed,275208
958,958,96.64,3653,12.64,45.6,60.45,20,mixed,99801
959,959,94.68,2929,12.83,37.3,66.03,35,traffic,141672
960,960,106.36,1311,13.05,29.9,68.16,48,traffic,181307
961,961,79.51,1520,12.26,48.5,47.07,67,traffic,231237
962,962,88.38,885,12.28,49.4,30.6,51,traffic,169516
963,963,89.0,2212,12.36,38.1,24.53,80,mixed,181661
964,964,105.09,3838,12.21,39.6,75.97,36,traffic,239027
965,965,79.69,1894,12.51,40.4,27.34,43,mixed,130027
966,966,99.22,2080,12.39,33.5,65.91,30,traffic,103146
967,967,96.46,3267,12.29,41.5,61.45,24,traffic,82148
968,968,86.8,3169,12.46,16.2,62.84,57,mixed,130329
969,969,88.46,2922,12.99,36.7,38.6,68,highway,22581
970,970,93.03,4190,12.26,15.9,55.98,40,traffic,167812
971,971,102.27,1848,12.28,29.1,59.87,90,highway,265103
972,972,92.26,3099,12.4,43.7,81.98,32,mixed,152553
973,973,97.36,3056,12.48,22.7,85.44,61,traffic,164168
974,974,102.22,3362,12.31,30.4,45.13,25,mixed,150351
975,975,100.6,2215,12.17,23.0,59.11,61,traffic,106498
976,976,92.71,3018,13.12,27.8,25.41,31,traffic,188867
977,977,85.14,2663,12.48,27.3,64.7,13,traffic,134013
978,978,92.39,1269,12.81,40.1,83.19,39,highway,33037
979,979,93.81,834,12.54,38.5,57.79,18,traffic,193445
980,980,100.46,1629,11.7,47.4,40.38,32,traffic,87201
981,981,97.98,2592,12.67,43.6,43.56,100,highway,110652
982,982,94.05,1766,12.16,12.2,55.9,31,traffic,236498
983,983,93.73,1747,11.64,46.3,47.34,53,traffic,249932
984,984,98.43,1305,12.35,41.5,49.62,34,traffic,131582
985,985,81.54,957,10.58,36.0,72.79,47,mixed,44754
986,986,79.64,2397,12.61,46.0,89.85,38,mixed,33003
987,987,91.22,1828,10.29,28.9,55.83,69,mixed,76269
988,988,87.18,2884,11.91,33.7,26.06,22,traffic,104957
989,989,102.2,4302,11.97,42.6,61.34,31,traffic,92961
990,990,83.32,4629,11.95,34.8,97.17,21,traffic,30679
991,991,89.31,1009,11.88,29.4,59.52,66,highway,35389
992,992,96.91,3869,12.81,42.0,95.78,45,mixed,72625
993,993,89.46,4050,12.65,36.0,58.23,19,traffic,246351
994,994,108.94,1995,12.55,17.9,62.5,51,mixed,52251
995,995,86.91,2566,13.0,34.3,75.27,88,traffic,24728
996,996,92.7,1076,12.29,16.5,56.73,39,traffic,110998
997,997,85.87,1713,11.17,33.3,63.25,60,highway,165698
998,998,80.65,1509,13.08,36.8,83.07,74,highway,260795
999,999,83.4,500,12.65,20.5,54.37,41,traffic,200632
1000,1000,98.76,2546,12.02,29.9,75.27,36,mixed,144138
1001,1001,98.67,937,12.18,16.1,63.76,55,mixed,167016
1002,1002,97.24,1316,12.34,40.6,73.73,53,mixed,210471
1003,1003,98.94,2347,12.69,22.4,69.81,18,traffic,202686
1004,1004,103.59,1126,13.37,28.0,40.7,0,traffic,248054
1005,1005,99.27,2944,12.75,28.7,31.76,69,highway,42971
1006,1006,85.52,1635,12.96,41.9,75.65,64,mixed,156298
1007,1007,98.97,2140,12.87,22.1,74.29,26,highway,186107
1008,1008,95.5,2861,10.81,36.2,64.05,43,mixed,208496
1009,1009,100.78,1263,12.45,23.5,78.98,22,traffic,130017
1010,1010,90.31,3477,12.43,36.8,88.63,13,traffic,189622
1011,1011,75.6,1906,12.65,48.5,86.28,85,highway,227713
1012,1012,93.63,1928,12.54,29.3,11.22,38,highway,75630
1013,1013,100.53,2652,12.75,30.9,67.83,55,highway,264387
1014,1014,93.97,1832,12.49,48.9,64.58,81,traffic,158163
1015,1015,90.04,1163,12.6,44.5,75.95,43,mixed,28422
1016,1016,100.22,2450,11.8,40.7,60.07,106,highway,20639
1017,1017,97.22,878,12.28,44.2,23.97,55,mixed,244164
1018,1018,102.29,2186,12.5,35.3,36.45,0,traffic,279526
1019,1019,105.57,2468,12.29,36.1,59.45,77,traffic,266445
1020,1020,110.06,2066,12.93,28.2,78.82,66,traffic,207340
1021,1021,104.49,2223,12.33,19.7,79.56,73,highway,245553
1022,1022,100.11,2468,12.81,23.9,44.81,45,traffic,54263
1023,1023,102.35,3331,11.96,37.0,67.62,40,traffic,217833
1024,1024,89.96,500,12.32,50.3,39.03,4,traffic,206805
1025,1025,84.95,2254,13.02,13.8,76.01,54,mixed,117390
1026,1026,107.46,2648,12.49,26.8,72.86,62,traffic,21374
1027,1027,94.19,1933,12.26,27.1,98.0,51,traffic,94827
1028,1028,88.1,3282,13.01,29.3,70.47,49,traffic,210404
1029,1029,100.24,1128,12.47,36.6,23.72,34,traffic,67104
1030,1030,89.67,1950,11.0,34.5,66.68,66,mixed,72759
1031,1031,86.72,3289,12.89,53.9,66.19,11,traffic,54746
1032,1032,85.41,1858,12.96,45.8,22.04,49,highway,199978
1033,1033,88.88,1881,12.61,34.8,80.57,51,mixed,139633
1034,1034,106.69,1927,12.6,29.7,37.66,38,traffic,53744
1035,1035,82.77,1735,13.02,45.0,87.1,31,highway,226307
1036,1036,91.77,1719,12.62,40.5,35.6,26,traffic,175050
1037,1037,101.86,2619,11.1,27.9,60.97,40,highway,142903
1038,1038,86.65,1354,12.98,38.8,75.36,44,traffic,184278
1039,1039,104.18,1987,12.62,35.4,87.3,68,highway,254175
1040,1040,87.72,916,12.65,41.6,32.26,51,highway,112997
1041,1041,108.46,2962,12.68,41.2,60.3,13,traffic,80833
1042,1042,91.78,2299,12.98,41.8,79.99,41,highway,250859
1043,1043,85.21,2031,12.54,33.5,31.21,67,highway,177933
1044,1044,96.21,3338,12.48,33.0,63.77,31,mixed,151257
1045,1045,86.12,1383,12.44,40.2,80.95,37,mixed,29154
1046,1046,107.21,2727,12.81,23.3,66.08,70,traffic,271644
1047,1047,94.19,2463,12.88,45.8,61.44,19,traffic,22292
1048,1048,95.78,2312,12.36,42.9,82.04,87,mixed,56495
1049,1049,86.88,1529,12.61,22.1,64.65,78,traffic,81700
1050,1050,96.61,2403,12.16,35.3,30.04,75,highway,274421
1051,1051,83.22,2812,12.86,52.4,73.79,59,mixed,131871
1052,1052,115.18,2384,11.5,22.7,73.8,43,traffic,230462
1053,1053,100.13,1688,12.67,27.6,58.67,87,highway,268922
1054,1054,88.35,2271,12.43,42.9,72.0,68,mixed,276927
1055,1055,89.25,2629,12.86,44.7,25.98,51,highway,62544
1056,1056,89.25,2233,11.62,46.7,88.78,28,mixed,260329
1057,1057,102.74,1385,12.2,31.1,60.53,37,mixed,120648
1058,1058,98.23,2575,12.51,40.5,89.75,75,mixed,266534
1059,1059,92.59,3808,12.61,31.1,77.65,31,traffic,82186
1060,1060,104.52,2717,12.53,36.5,79.46,56,mixed,31201
1061,1061,84.9,2730,12.53,23.1,72.51,52,mixed,52881
1062,1062,92.87,2152,11.81,41.6,59.23,81,mixed,138192
1063,1063,101.41,2076,10.37,40.2,59.01,71,highway,79884
1064,1064,107.25,4546,13.05,48.3,72.51,40,highway,279642
1065,1065,87.34,3777,12.76,46.6,98.0,38,mixed,140921
1066,1066,77.38,2920,12.75,26.0,36.54,48,mixed,172064
1067,1067,99.54,2341,12.15,19.0,46.2,57,highway,230677
1068,1068,91.96,1941,10.68,43.2,55.93,75,mixed,87692
1069,1069,96.18,2534,11.63,30.8,66.76,44,traffic,266640
1070,1070,96.74,2067,12.97,44.5,80.16,44,mixed,192354
1071,1071,100.36,1373,13.14,43.2,53.43,9,traffic,66126
1072,1072,96.09,824,12.26,30.3,86.67,59,mixed,66645
1073,1073,89.43,1910,12.71,40.3,82.73,73,highway,127473
1074,1074,81.18,1222,11.56,43.6,63.03,82,traffic,104443
1075,1075,81.24,1631,11.16,24.9,49.75,40,highway,210677
1076,1076,102.09,2213,12.71,32.9,69.1,83,traffic,277079
1077,1077,97.81,3695,12.54,49.0,78.07,30,mixed,250090
1078,1078,89.48,2517,12.39,20.6,89.5,19,traffic,257219
1079,1079,99.78,1412,12.1,31.0,72.9,63,mixed,224327
1080,1080,84.5,1861,13.31,45.9,44.86,81,mixed,213213
1081,1081,98.13,2973,11.39,36.2,75.07,40,mixed,25997
1082,1082,93.59,2555,12.43,34.9,76.34,63,mixed,213734
1083,1083,107.81,2843,12.05,27.7,40.36,76,mixed,266566
1084,1084,87.01,1771,12.22,44.5,79.98,33,traffic,203780
1085,1085,88.99,500,13.05,39.5,60.06,28,traffic,253821
1086,1086,91.49,3181,12.62,39.4,68.58,37,traffic,164719
1087,1087,103.69,3230,12.25,22.8,79.41,33,traffic,94386
1088,1088,96.29,4031,12.32,37.9,67.89,39,traffic,128110
1089,1089,89.38,1481,11.97,39.2,29.81,32,mixed,210175
1090,1090,100.03,3406,12.47,39.9,73.25,33,traffic,71847
1091,1091,108.41,4003,11.87,39.5,63.88,45,highway,201833
1092,1092,90.07,2646,12.83,29.6,83.04,78,mixed,236626
1093,1093,78.4,965,11.0,32.9,52.43,48,mixed,37703
1094,1094,85.16,2349,12.79,47.4,82.3,10,traffic,149181
1095,1095,86.85,3153,12.13,39.8,28.92,63,mixed,118487
1096,1096,89.56,3583,12.62,41.0,69.24,17,traffic,113569
1097,1097,92.69,2597,11.95,22.8,43.03,72,traffic,91374
1098,1098,87.66,2774,12.44,25.3,72.78,42,mixed,86820
1099,1099,108.11,2108,12.97,35.6,85.23,45,mixed,68812
1100,1100,82.78,2507,12.51,40.2,78.83,32,traffic,107564
1101,1101,73.63,3106,10.39,31.1,91.79,40,traffic,30619
1102,1102,98.47,2123,12.54,27.9,76.5,58,traffic,26429
1103,1103,109.44,2440,12.34,20.2,63.92,50,traffic,156450
1104,1104,92.31,2276,13.1,26.9,79.07,62,traffic,176135
1105,1105,91.99,2799,12.23,20.8,86.05,26,traffic,67564
1106,1106,104.44,2798,12.62,18.7,58.6,19,traffic,171906
1107,1107,105.38,2269,11.85,36.0,88.15,75,highway,210294
1108,1108,87.57,2629,12.72,46.7,77.6,32,traffic,119612
1109,1109,105.18,2230,11.93,26.8,75.65,23,traffic,68336
1110,1110,95.13,1897,12.98,43.4,51.15,39,traffic,79715
1111,1111,90.35,3236,12.52,37.3,59.57,22,mixed,187893
1112,1112,97.33,1662,10.81,34.0,65.85,73,highway,160154
1113,1113,103.21,2434,12.52,25.1,32.71,52,traffic,117494
1114,1114,106.39,2254,12.36,36.8,68.84,33,mixed,80812
1115,1115,111.89,3470,12.29,49.5,90.36,24,traffic,24328
1116,1116,87.58,2247,12.64,19.7,92.07,59,highway,50709
1117,1117,83.43,2070,12.69,42.9,76.34,70,traffic,123529
1118,1118,94.38,2014,11.97,53.4,29.96,66,traffic,114476
1119,1119,97.91,2523,13.18,45.9,44.11,66,traffic,32067
1120,1120,92.13,2068,12.4,17.2,75.27,18,traffic,84524
1121,1121,93.47,1947,13.32,41.7,85.56,62,highway,265457
1122,1122,93.94,830,11.78,44.1,72.44,37,mixed,115080
1123,1123,102.65,3285,12.76,36.7,61.08,45,traffic,25813
1124,1124,94.92,2431,12.59,52.3,41.18,30,highway,252713
1125,1125,94.97,3367,11.94,36.1,67.38,31,traffic,221763
1126,1126,95.48,2273,13.04,50.8,71.93,76,mixed,31555
1127,1127,90.69,1824,12.88,37.7,76.6,54,traffic,81872
1128,1128,86.55,2276,12.45,28.1,27.05,66,traffic,141248
1129,1129,106.34,3526,13.2,27.6,62.06,72,highway,85491
1130,1130,84.0,2429,12.54,40.9,79.89,61,mixed,212014
1131,1131,92.97,3792,13.11,43.0,76.63,27,traffic,132602
1132,1132,86.57,1940,12.89,29.1,78.78,61,traffic,266967
1133,1133,79.27,2834,12.72,45.6,80.47,31,highway,257541
1134,1134,100.73,2585,11.86,35.9,90.14,0,traffic,207729
1135,1135,87.39,2314,12.23,41.0,31.44,48,traffic,187087
1136,1136,91.92,1343,13.08,29.6,38.25,67,traffic,60858
1137,1137,88.85,2098,13.08,43.9,30.1,11,traffic,210034
1138,1138,78.85,3127,9.5,35.2,86.27,36,traffic,113228
1139,1139,92.48,3259,12.39,25.3,75.78,4,traffic,167697
1140,1140,91.08,912,13.02,22.5,66.19,43,traffic,63440
1141,1141,99.5,1292,12.76,41.8,45.29,72,traffic,84513
1142,1142,89.18,2472,12.87,26.1,71.78,8,traffic,256217
1143,1143,104.08,3850,12.25,45.5,83.82,30,mixed,89847
1144,1144,83.58,1396,11.64,29.4,67.26,26,mixed,233013
1145,1145,85.03,3117,11.19,25.1,62.07,42,traffic,157244
1146,1146,92.05,1004,11.3,42.3,64.41,53,traffic,159887
1147,1147,81.96,2673,12.64,42.9,34.58,15,traffic,100610
1148,1148,83.65,1133,12.01,42.3,77.81,44,traffic,240524
1149,1149,99.23,3674,12.05,40.8,64.09,27,highway,123881
1150,1150,94.64,511,12.78,47.1,85.01,50,highway,100866
1151,1151,94.0,3684,12.38,39.3,80.7,24,mixed,157403
1152,1152,98.6,3638,12.43,47.8,82.27,25,highway,173620
1153,1153,105.39,2872,12.87,38.3,68.27,45,traffic,37827
1154,1154,98.58,3216,12.69,19.2,78.36,10,traffic,96559
1155,1155,91.13,2366,12.92,46.9,72.83,89,mixed,207764
1156,1156,111.25,1810,12.39,33.9,77.8,52,traffic,118490
1157,1157,96.0,2018,12.63,37.8,92.38,69,mixed,121762
1158,1158,93.43,1329,11.85,29.5,76.57,61,traffic,178813
1159,1159,92.61,3139,12.41,44.4,63.32,35,mixed,80370
1160,1160,92.75,1104,11.95,30.9,62.84,19,traffic,102652
1161,1161,87.46,500,12.78,40.8,29.14,49,traffic,30015
1162,1162,91.66,1968,13.04,12.7,52.92,35,traffic,235973
1163,1163,92.26,2678,12.62,44.2,78.51,54,mixed,93223
1164,1164,88.53,1587,11.95,11.8,71.39,37,highway,247705
1165,1165,92.73,2858,12.75,39.3,25.39,32,mixed,74210
1166,1166,99.73,3624,12.85,41.8,83.61,26,highway,206272
1167,1167,88.68,2646,12.79,38.2,79.79,25,highway,121027
1168,1168,94.7,2650,12.27,37.0,70.44,39,mixed,120878
1169,1169,95.58,2493,12.85,33.3,23.08,41,mixed,259490
1170,1170,100.87,3286,11.74,31.2,81.04,23,mixed,22623
1171,1171,98.63,2188,11.33,37.8,49.03,24,traffic,239015
1172,1172,85.68,1817,11.4,31.1,68.74,55,traffic,266853
1173,1173,112.29,3159,12.59,46.4,77.58,41,highway,189549
1174,1174,101.83,2802,12.0,31.4,76.21,34,highway,271528
1175,1175,102.14,1542,12.78,20.4,47.28,20,traffic,35544
1176,1176,97.12,1866,11.68,40.2,75.13,10,traffic,156571
1177,1177,89.59,1576,11.73,26.8,77.24,56,mixed,88622
1178,1178,89.47,3109,12.49,17.7,66.67,45,mixed,192180
1179,1179,89.25,2111,11.88,44.1,35.42,52,traffic,207801
1180,1180,99.98,1870,10.63,44.9,58.59,51,highway,225705
1181,1181,95.56,2186,12.03,43.4,34.61,31,highway,270519
1182,1182,107.0,1861,12.64,27.6,71.57,11,traffic,62673
1183,1183,93.63,3228,12.33,42.2,76.07,13,traffic,263712
1184,1184,98.29,1876,11.59,18.9,77.64,46,traffic,135683
1185,1185,88.32,1511,11.08,28.7,71.98,60,mixed,201595
1186,1186,89.73,4313,12.45,30.5,71.84,9,traffic,146190
1187,1187,104.21,2051,12.41,40.9,62.01,20,traffic,236370
1188,1188,94.99,4073,12.56,47.7,88.67,21,highway,133427
1189,1189,103.74,1919,12.48,33.7,59.54,33,traffic,250746
1190,1190,100.67,642,13.12,40.4,42.31,51,traffic,220459
1191,1191,98.97,1570,12.63,11.8,68.52,1,traffic,244053
1192,1192,89.98,3415,12.15,33.4,68.62,0,traffic,211814
1193,1193,89.46,1214,11.46,39.8,73.7,72,traffic,258490
1194,1194,103.72,2987,12.16,38.8,69.47,26,mixed,271514
1195,1195,86.41,3271,12.66,42.9,77.91,3,traffic,42974
1196,1196,103.4,3366,12.16,31.8,85.96,54,mixed,226755
1197,1197,89.38,1526,10.98,41.3,60.72,50,mixed,141655
1198,1198,94.73,2166,12.42,27.0,63.67,61,mixed,151471
1199,1199,89.77,3004,11.91,13.3,78.46,20,mixed,154078
1200,1200,81.93,1433,12.71,30.2,34.48,51,traffic,144141
1201,1201,78.38,2454,12.37,40.2,80.41,59,highway,252645
1202,1202,99.63,2391,11.63,32.2,61.99,37,traffic,241120
1203,1203,88.57,1919,11.9,33.0,91.76,31,traffic,135729
1204,1204,89.14,1726,11.45,35.5,71.79,50,mixed,221958
1205,1205,88.15,1664,12.99,50.9,85.66,51,highway,149796
1206,1206,94.24,1944,13.02,42.6,83.47,28,mixed,114139
1207,1207,80.73,1738,13.23,44.2,83.2,20,mixed,33491
1208,1208,81.7,2357,12.44,25.0,60.59,30,mixed,92346
1209,1209,88.16,1894,12.69,33.3,74.59,37,highway,193981
1210,1210,90.25,2231,10.4,35.8,67.38,59,traffic,215743
1211,1211,98.57,1991,12.63,29.0,82.36,58,traffic,94994
1212,1212,99.45,3760,11.76,33.3,54.25,13,traffic,82073
1213,1213,91.98,2425,12.83,34.5,74.83,54,highway,231473
1214,1214,92.05,1088,12.49,43.5,25.83,27,traffic,63264
1215,1215,109.63,3498,11.64,22.1,81.03,0,traffic,178829
1216,1216,111.62,3345,12.98,32.9,98.0,62,mixed,148885
1217,1217,92.0,1525,12.48,44.7,82.1,83,highway,170230
